<?xml version="1.0" encoding="UTF-8"?>
<project-private xmlns="http://www.netbeans.org/ns/project-private/1">
    <editor-bookmarks xmlns="http://www.netbeans.org/ns/editor-bookmarks/2" lastBookmarkId="0"/>
    <open-files xmlns="http://www.netbeans.org/ns/projectui-open-files/2">
        <group>
            <file>file:/home/david/NetBeansProjects/Civitas/src/civitas/Jugador.java</file>
            <file>file:/home/david/NetBeansProjects/Civitas/src/civitas/CasillaJuez.java</file>
            <file>file:/home/david/NetBeansProjects/Civitas/src/civitas/Casilla.java</file>
            <file>file:/home/david/NetBeansProjects/Civitas/src/GUI/Controlador.java</file>
            <file>file:/home/david/NetBeansProjects/Civitas/src/GUI/PropiedadPanel.java</file>
            <file>file:/home/david/NetBeansProjects/Civitas/src/GUI/JugadorPanel.java</file>
            <file>file:/home/david/NetBeansProjects/Civitas/src/GUI/DiarioDialog.java</file>
            <file>file:/home/david/NetBeansProjects/Civitas/src/GUI/CivitasView.java</file>
        </group>
    </open-files>
</project-private>
